<?xml version="1.0" encoding="UTF-8"?>
<beans xmlns="http://www.springframework.org/schema/beans"
	xmlns:xsi="http://www.w3.org/2001/XMLSchema-instance"
	xsi:schemaLocation="http://www.springframework.org/schema/beans
        http://www.springframework.org/schema/beans/spring-beans.xsd">
        
	<bean id="dataSource" class="com.alibaba.druid.pool.DruidDataSource" init-method="init" destroy-method="close">
		<property name="url" value="${jdbc.url}"/>
		<property name="username" value="${jdbc.username}"/>
		<property name="password" value="${jdbc.password}"/>
		<property name="initialSize" value="1"/>
		<property name="minIdle" value="1"/>
		<property name="maxActive" value="20"/>
		<property name="maxWait" value="60000"/>
		<property name="timeBetweenEvictionRunsMillis" value="60000"/>
		<property name="minEvictableIdleTimeMillis" value="300000"/>
		<property name="validationQuery" value="SELECT 'x'"/>
		<property name="testWhileIdle" value="true"/>
		<property name="testOnBorrow" value="false"/>
		<property name="testOnReturn" value="false"/>
		<property name="poolPreparedStatements" value="false"/>
	</bean>
	<bean id="sqlSessionFactory" class="org.mybatis.spring.SqlSessionFactoryBean">
		<property name="dataSource" ref="dataSource"/>
	</bean>
	<bean  class="org.mybatis.spring.mapper.MapperScannerConfigurer">
		<property name="sqlSessionFactoryBeanName" value="sqlSessionFactory" />
		<property name="basePackage" value="com.xxg.jdeploy.mapper" />
	</bean>

</beans>